{
  "loss": [
    0.2527194917201996,
    0.19546926021575928,
    0.1638195663690567,
    0.1557580977678299,
    0.14000441133975983,
    0.13356368243694305,
    0.13121679425239563,
    0.1258489042520523,
    0.12175311148166656,
    0.11804072558879852,
    0.11698374152183533,
    0.11443738639354706,
    0.1132374107837677,
    0.11266228556632996,
    0.11042329668998718,
    0.11180809885263443,
    0.10866973549127579,
    0.10727690160274506,
    0.10669514536857605,
    0.10757536441087723,
    0.10528279840946198,
    0.10500863939523697,
    0.10438260436058044,
    0.10467974841594696,
    0.10473805665969849
  ],
  "acc": [
    0.9372962962962963,
    0.9566851851851852,
    0.9685185185185186,
    0.9713148148148149,
    0.9773148148148149,
    0.9800555555555556,
    0.9806111111111111,
    0.9833703703703703,
    0.9846481481481482,
    0.986462962962963,
    0.9867407407407407,
    0.9878333333333333,
    0.9882407407407408,
    0.9889259259259259,
    0.9888888888888889,
    0.9892592592592593,
    0.9903333333333333,
    0.9904259259259259,
    0.9912407407407408,
    0.9908703703703704,
    0.992037037037037,
    0.9919444444444444,
    0.9924259259259259,
    0.9920185185185185,
    0.9919629629629629
  ],
  "val_loss": [
    0.24995014071464539,
    0.19827042520046234,
    0.17445120215415955,
    0.16951581835746765,
    0.15631914138793945,
    0.15169623494148254,
    0.1522686779499054,
    0.14700888097286224,
    0.14378906786441803,
    0.141937717795372,
    0.1411559283733368,
    0.13997331261634827,
    0.14025335013866425,
    0.13887181878089905,
    0.1369607299566269,
    0.13771624863147736,
    0.1367373764514923,
    0.13501174747943878,
    0.13364490866661072,
    0.13496610522270203,
    0.13326802849769592,
    0.13288310170173645,
    0.13189344108104706,
    0.1329660415649414,
    0.13245397806167603
  ],
  "val_acc": [
    0.9331666666666667,
    0.9518333333333333,
    0.9635,
    0.965,
    0.9683333333333334,
    0.9725,
    0.9726666666666667,
    0.9748333333333333,
    0.9731666666666666,
    0.976,
    0.9758333333333333,
    0.9766666666666667,
    0.9765,
    0.9753333333333334,
    0.9783333333333334,
    0.978,
    0.9785,
    0.9783333333333334,
    0.9793333333333333,
    0.9786666666666667,
    0.9798333333333333,
    0.9795,
    0.9791666666666666,
    0.9795,
    0.9775
  ]
}